<?xml version="1.0" encoding="UTF-8"?>
<QCARConfig>
<Tracking>
<ModelTarget name="VuforiaMars_ModelTarget" motionHint="adaptive"/>

</Tracking>

<Assembly name="VuforiaMars_ModelTargets_assembly" assemblyId="c6f46a11ef7e4f4bb473a1262721cf8e">
<Part name="VuforiaMars_ModelTarget" translation="0 0 0" rotation="AD: 0 0 1 0"/>
<EntryPoint name="Front" translation="0.00181726 0.0548691 0.355023" rotation="AD: 0.006341771445525425 -1.0226681998402973 4.773902251453074 180.032">

</EntryPoint>
<EntryPoint name="Rear" translation="-0.00184344 0.0460248 0.374944" rotation="AD: 1 0.00003196492371778675 -0.0001523506621260158 203.699">

</EntryPoint>

</Assembly>

</QCARConfig>
